"","Band","year","2010","2011","2012","2013","2014","2015","2016","2017","2018","2019","2020","2021","2022","2023","2024","PlasMassTOT","Mass"
"1","162-64538",2011,0,1,0,0,0,0,0,0,0,0,0,0,0,0,0,4.933,955
"2","162-64539",2011,0,1,0,0,0,0,0,0,0,0,0,0,0,0,0,0,885
"3","162-64540",2011,0,1,0,0,0,0,0,0,0,0,0,0,0,0,0,0,715
"4","162-64541",2011,0,1,0,0,0,0,0,0,0,0,0,1,1,1,0,0.479,980
"5","162-64542",2011,0,1,0,0,0,0,0,0,0,0,0,0,0,0,0,2.022,815
"6","162-64543",2011,0,1,0,0,0,0,0,0,0,0,0,0,0,0,0,0.604,730
"7","162-64544",2011,0,1,0,0,0,0,0,0,0,0,0,1,0,0,0,0.035,585
"8","162-64545",2011,0,1,0,0,0,0,0,0,0,0,0,1,0,0,1,0,735
"9","162-64546",2011,0,1,0,0,0,0,0,0,0,0,0,0,0,0,0,0,838
"10","162-64547",2011,0,1,0,0,0,0,0,0,0,0,0,0,0,0,0,0.544,890
"11","162-64548",2011,0,1,0,0,0,0,0,0,0,0,0,0,0,0,0,0.064,840
"12","162-64549",2011,0,1,0,0,0,0,0,0,0,0,0,0,0,0,0,0.104,745
"13","162-64579",2010,1,0,0,0,0,0,0,0,0,0,0,0,0,0,0,0.242,872
"14","162-64580",2010,1,0,0,0,0,0,0,0,0,0,0,0,0,0,0,0.046,792
"15","162-64581",2010,1,0,0,0,0,0,0,0,0,0,0,0,0,0,0,0.541,802
"16","162-64582",2010,1,0,0,0,0,0,0,0,0,0,0,0,0,0,0,0.198,707
"17","162-64583",2010,1,0,0,0,0,0,0,0,0,0,0,0,0,0,0,2.98,802
"18","162-64584",2010,1,0,0,0,0,0,0,0,0,0,0,0,0,0,0,0,637
"19","162-64586",2010,1,0,0,0,0,0,0,0,0,0,0,0,0,0,0,0.058,812
"20","162-64587",2010,1,0,0,0,0,0,0,0,0,0,0,0,0,1,0,0.01,797
"21","162-64588",2010,1,0,0,0,0,0,0,0,0,0,0,0,0,0,0,0.502,762
"22","162-64589",2010,1,0,0,0,0,0,0,0,0,0,0,0,0,0,0,0,657
"23","162-64594",2011,0,1,0,0,0,0,0,0,0,0,0,0,0,0,0,0,905
"24","162-64595",2011,0,1,0,0,0,0,0,0,0,0,0,0,0,0,0,5.798,850
"25","162-64596",2011,0,1,0,0,0,0,0,0,0,0,0,0,0,0,0,0.001,810
"26","162-64597",2011,0,1,0,0,0,0,0,0,0,0,0,0,0,0,0,0.294,915
"27","162-64598",2011,0,1,0,0,0,0,0,0,0,0,0,0,0,0,0,0,760
"28","162-79104",2012,0,0,1,0,0,0,0,0,0,0,0,0,0,0,0,0,528
"29","162-79105",2012,0,0,1,0,0,0,0,0,0,0,0,0,0,0,0,0.01,583
"30","162-79106",2012,0,0,1,0,0,0,0,0,0,0,1,1,0,0,0,0.645,883
"31","162-79107",2012,0,0,1,0,0,0,0,0,0,0,0,0,0,0,0,0.31,543
"32","162-79108",2012,0,0,1,0,0,0,0,0,0,0,0,0,0,0,0,3.12,748
"33","162-79109",2012,0,0,1,0,0,0,0,0,0,0,0,0,0,0,0,0,488
"34","162-79110",2012,0,0,1,0,0,0,0,0,0,0,0,0,0,0,0,4.422,733
"35","162-79111",2012,0,0,1,0,0,0,0,0,0,0,0,0,0,0,0,0,628
"36","162-79112",2012,0,0,1,0,0,0,0,0,0,0,0,0,0,0,0,0.578,778
"37","162-79113",2012,0,0,1,0,0,0,0,0,0,0,0,0,0,1,0,0.155,798
"38","162-79124",2012,0,0,1,0,0,0,0,0,0,0,0,0,0,0,0,0,643
"39","162-79125",2012,0,0,1,0,0,0,0,0,0,0,0,0,0,0,0,0.626,738
"40","162-79126",2012,0,0,1,0,0,0,0,0,0,0,0,0,0,0,0,1.406,683
"41","162-79127",2012,0,0,1,0,0,0,0,0,0,0,0,0,0,0,0,0.486,748
"42","162-79128",2012,0,0,1,0,0,0,0,0,0,0,0,0,0,0,0,2.295,763
"43","162-79129",2012,0,0,1,0,0,0,0,0,0,0,0,0,0,0,0,0,738
"44","162-79130",2012,0,0,1,0,0,0,0,0,0,0,0,0,0,0,0,0.486,508
"45","162-79131",2012,0,0,1,0,0,0,0,0,0,0,0,0,0,0,0,1.127,558
"46","162-79132",2012,0,0,1,0,0,0,0,0,0,0,1,0,0,0,1,0,533
"47","162-79133",2012,0,0,1,0,0,0,0,0,0,0,0,0,0,0,0,4.429,608
"48","162-79134",2012,0,0,1,0,0,0,0,0,0,0,0,0,0,0,0,2.628,638
"49","162-79135",2012,0,0,1,0,0,0,0,0,0,0,0,0,0,0,0,4.573,550
"50","162-79138",2012,0,0,1,0,0,0,0,0,0,0,0,0,0,0,0,0.201,543
"51","162-79851",2013,0,0,0,1,0,0,0,0,0,0,0,0,0,0,0,0.006,455
"52","162-79852",2013,0,0,0,1,0,0,0,0,0,0,0,0,0,0,0,0.036,355
"53","162-79853",2013,0,0,0,1,0,0,0,0,0,0,0,0,0,0,0,0,560
"54","162-79854",2013,0,0,0,1,0,0,0,0,0,0,0,0,0,0,0,0,400
"55","162-79855",2013,0,0,0,1,0,0,0,0,0,0,0,0,0,0,0,0,470
"56","162-79856",2013,0,0,0,1,0,0,0,0,0,0,0,0,0,0,0,0,555
"57","162-79857",2013,0,0,0,1,0,0,0,0,0,0,0,0,0,0,0,0,565
"58","162-79858",2013,0,0,0,1,0,0,0,0,0,0,0,0,0,0,0,0.033,655
"59","162-79859",2013,0,0,0,1,0,0,0,0,0,0,0,0,0,0,0,0,545
"60","162-79860",2013,0,0,0,1,0,0,0,0,0,0,0,0,0,0,0,0,705
"61","162-79861",2013,0,0,0,1,0,0,0,0,0,0,0,0,0,0,0,0,675
"62","162-79862",2013,0,0,0,1,0,0,0,0,0,0,0,0,0,0,0,0,610
"63","162-83004",2014,0,0,0,0,1,0,0,0,0,0,0,0,0,0,0,0,630
"64","162-83005",2014,0,0,0,0,1,0,0,0,0,0,0,0,0,0,0,0,570
"65","162-83006",2014,0,0,0,0,1,0,0,0,0,0,0,0,0,0,0,0,455
"66","162-83007",2014,0,0,0,0,1,0,0,0,0,0,0,1,1,1,0,0.154,805
"67","162-83008",2014,0,0,0,0,1,0,0,0,0,0,1,0,0,0,1,0,515
"68","162-83009",2014,0,0,0,0,1,0,0,0,0,0,0,0,0,0,0,0,715
"69","162-83010",2014,0,0,0,0,1,0,0,0,0,0,0,1,0,0,1,0.09,635
"70","162-83011",2014,0,0,0,0,1,0,0,0,0,0,0,0,0,0,0,0,555
"71","162-83013",2014,0,0,0,0,1,0,0,0,0,0,0,0,0,0,0,0,695
"72","162-83014",2014,0,0,0,0,1,0,0,0,0,0,0,1,0,0,0,0,440
"73","162-83015",2014,0,0,0,0,1,0,0,0,0,0,0,0,0,0,0,0,770
"74","162-83016",2014,0,0,0,0,1,0,0,0,0,0,0,0,0,0,0,0.054,700
"75","162-83017",2014,0,0,0,0,1,0,0,0,0,0,0,0,0,0,0,0.007,785
"76","162-83018",2014,0,0,0,0,1,0,0,0,0,0,0,0,0,0,0,0,460
"77","162-83019",2014,0,0,0,0,1,0,0,0,0,0,0,0,0,0,0,0.179,750
"78","162-83021",2014,0,0,0,0,1,0,0,0,0,0,0,0,0,0,0,0.002,420
"79","162-83022",2014,0,0,0,0,1,0,0,0,0,0,0,0,0,0,0,0,470
"80","162-83023",2014,0,0,0,0,1,0,0,0,0,0,0,0,0,0,0,0,630
"81","162-83024",2014,0,0,0,0,1,0,0,0,0,0,0,0,0,0,0,0.004,450
"82","162-83025",2014,0,0,0,0,1,0,0,0,0,0,0,0,0,0,0,0,605
"83","162-83026",2014,0,0,0,0,1,0,0,0,0,0,0,1,0,0,0,0,610
"84","162-83027",2014,0,0,0,0,1,0,0,0,0,0,0,0,0,0,0,0.031,455
"85","162-83028",2014,0,0,0,0,1,0,0,0,0,0,0,0,0,0,0,0,540
"86","162-83029",2014,0,0,0,0,1,0,0,0,0,0,0,0,0,0,0,0.011,640
"87","162-83030",2014,0,0,0,0,1,0,0,0,0,0,0,0,0,0,0,0,705
"88","162-83031",2014,0,0,0,0,1,0,0,0,0,0,0,1,1,1,1,0,630
"89","162-83032",2014,0,0,0,0,1,0,0,0,0,0,0,0,0,0,1,0.091,670
"90","162-83033",2014,0,0,0,0,1,0,0,0,0,0,0,0,0,0,0,0,745
"91","162-83034",2014,0,0,0,0,1,0,0,0,0,0,0,0,0,0,0,0,660
"92","162-83035",2014,0,0,0,0,1,0,0,0,0,0,0,0,0,0,0,0.303,615
"93","162-83037",2014,0,0,0,0,1,0,0,0,0,0,0,0,0,0,0,0.01,650
"94","162-83038",2014,0,0,0,0,1,0,0,0,0,0,0,0,0,0,0,0.035,650
"95","162-83039",2014,0,0,0,0,1,0,0,0,0,0,1,1,0,0,1,0,655
"96","162-83040",2014,0,0,0,0,1,0,0,0,0,0,0,0,0,0,0,0,640
"97","162-83041",2014,0,0,0,0,1,0,0,0,0,0,0,0,0,0,0,0.014,610
"98","162-83042",2014,0,0,0,0,1,0,0,0,0,0,0,0,0,0,0,0.021,570
"99","162-83043",2014,0,0,0,0,1,0,0,0,0,0,0,0,0,0,0,0,495
"100","162-83044",2014,0,0,0,0,1,0,0,0,0,0,0,0,0,0,0,0,535
"101","162-83057",2014,0,0,0,0,1,0,0,0,0,0,0,0,0,0,0,0,635
"102","162-83059",2014,0,0,0,0,1,0,0,0,0,0,0,0,0,0,0,0,630
"103","162-83060",2014,0,0,0,0,1,0,0,0,0,0,0,0,0,0,0,0.025,630
"104","162-83061",2014,0,0,0,0,1,0,0,0,0,0,0,0,0,0,0,0.125,605
"105","162-83062",2014,0,0,0,0,1,0,0,0,0,0,0,0,0,0,0,0,555
"106","162-83063",2014,0,0,0,0,1,0,0,0,0,0,0,0,0,0,0,0.019,600
"107","162-83827",2015,0,0,0,0,0,1,0,0,0,0,0,0,0,0,0,0,540
"108","162-83829",2015,0,0,0,0,0,1,0,0,0,0,0,0,0,0,0,0,750
"109","162-83831",2015,0,0,0,0,0,1,0,0,0,0,0,0,0,0,0,0,800
"110","162-83833",2015,0,0,0,0,0,1,0,0,0,0,0,0,0,0,0,0,665
"111","162-83834",2015,0,0,0,0,0,1,0,0,0,0,1,0,0,0,0,0,730
"112","162-83836",2015,0,0,0,0,0,1,0,0,0,0,1,0,0,0,0,0,725
"113","162-83837",2015,0,0,0,0,0,1,0,0,0,0,0,0,0,0,0,0,490
"114","162-83877",2015,0,0,0,0,0,1,0,0,0,0,0,0,0,0,0,0,675
"115","162-83878",2015,0,0,0,0,0,1,0,0,0,0,0,0,0,0,0,0,580
"116","162-83881",2015,0,0,0,0,0,1,0,0,0,0,0,1,0,0,0,0,685
"117","162-83882",2015,0,0,0,0,0,1,0,0,0,0,1,0,0,0,0,0.14,705
"118","162-83884",2015,0,0,0,0,0,1,0,0,0,0,0,0,0,0,0,0,655
"119","162-83909",2016,0,0,0,0,0,0,1,0,0,0,0,0,0,0,0,3.6024,720
"120","162-83910",2017,0,0,0,0,0,0,0,1,0,0,0,0,0,0,0,7e-04,430
"121","162-83911",2017,0,0,0,0,0,0,0,1,0,0,0,0,1,0,0,0,540
"122","162-83912",2017,0,0,0,0,0,0,0,1,0,0,0,0,0,0,0,0,745
"123","162-83913",2017,0,0,0,0,0,0,0,1,0,0,0,0,0,0,0,0,490
"124","162-83914",2017,0,0,0,0,0,0,0,1,0,0,0,0,0,0,0,0,495
"125","162-83915",2017,0,0,0,0,0,0,0,1,0,0,0,0,0,0,0,0,565
"126","162-83917",2017,0,0,0,0,0,0,0,1,0,0,0,0,0,0,0,0.2622,470
"127","162-83918",2017,0,0,0,0,0,0,0,1,0,0,0,0,0,0,0,0,712
"128","162-83919",2017,0,0,0,0,0,0,0,1,0,0,0,0,0,0,0,0.7708,839
"129","162-83920",2017,0,0,0,0,0,0,0,1,0,0,0,0,0,0,0,0.1066,815
"130","162-83921",2017,0,0,0,0,0,0,0,1,0,0,0,0,0,0,0,0.9604,765
"131","162-83922",2017,0,0,0,0,0,0,0,1,0,0,0,0,0,0,0,0,452
"132","162-83923",2017,0,0,0,0,0,0,0,1,0,0,0,0,0,0,0,0.3761,520
"133","162-83924",2017,0,0,0,0,0,0,0,1,0,0,0,0,0,0,0,0.0316,625
"134","162-83929",2017,0,0,0,0,0,0,0,1,0,0,0,0,0,0,0,0,670
"135","162-83931",2017,0,0,0,0,0,0,0,1,0,0,0,0,0,0,0,0,765
"136","162-83932",2017,0,0,0,0,0,0,0,1,0,0,0,0,0,0,0,0,420
"137","162-83933",2017,0,0,0,0,0,0,0,1,0,0,0,1,0,0,0,0,560
"138","162-83934",2017,0,0,0,0,0,0,0,1,0,0,0,0,0,0,0,0.0079,465
"139","162-83936",2017,0,0,0,0,0,0,0,1,0,0,0,0,0,0,0,0,550
"140","162-83937",2017,0,0,0,0,0,0,0,1,0,0,0,0,0,0,0,0,630
"141","162-87041",2016,0,0,0,0,0,0,1,0,0,0,0,0,0,0,0,1.0853,745
"142","162-87042",2016,0,0,0,0,0,0,1,0,0,0,0,0,0,1,1,1e-04,640
"143","162-87044",2016,0,0,0,0,0,0,1,0,0,0,0,1,0,0,0,0.04,815
"144","162-87045",2016,0,0,0,0,0,0,1,0,0,0,0,0,0,0,0,0.01,680
"145","162-87046",2016,0,0,0,0,0,0,1,0,0,0,0,0,0,0,0,0,680
"146","162-87047",2016,0,0,0,0,0,0,1,0,0,0,0,0,0,0,0,1.085,785
"147","162-87048",2016,0,0,0,0,0,0,1,0,0,0,1,1,1,1,1,0,760
"148","162-87049",2016,0,0,0,0,0,0,1,0,0,0,0,0,0,0,0,0,605
"149","162-87050",2016,0,0,0,0,0,0,1,0,0,0,0,0,0,0,0,0,605
"150","162-87051",2016,0,0,0,0,0,0,1,0,0,0,0,0,0,0,0,0,685
"151","162-87053",2016,0,0,0,0,0,0,1,0,0,0,1,0,0,0,0,0.497,560
"152","162-87054",2016,0,0,0,0,0,0,1,0,0,0,1,0,0,0,0,0,560
"153","162-87055",2016,0,0,0,0,0,0,1,0,0,0,0,0,0,0,0,0,450
"154","162-87056",2016,0,0,0,0,0,0,1,0,0,0,0,1,1,1,0,0,690
"155","162-87057",2016,0,0,0,0,0,0,1,0,0,0,0,1,0,1,1,0.0062,650
"156","162-87058",2016,0,0,0,0,0,0,1,0,0,0,0,0,0,0,0,0.0957,650
"157","162-87059",2016,0,0,0,0,0,0,1,0,0,0,0,0,0,0,0,1.9833,725
"158","162-87060",2016,0,0,0,0,0,0,1,0,0,0,0,0,0,0,0,2.914,730
"159","162-87061",2016,0,0,0,0,0,0,1,0,0,0,0,0,0,0,0,0,555
"160","162-87062",2016,0,0,0,0,0,0,1,0,0,0,0,0,0,1,1,0,730
"161","162-87063",2016,0,0,0,0,0,0,1,0,0,0,0,0,0,0,0,0.0133,690
"162","162-87064",2016,0,0,0,0,0,0,1,0,0,0,0,0,0,0,0,0.4826,780
"163","162-87065",2016,0,0,0,0,0,0,1,0,0,0,0,0,0,0,0,0.02,725
"164","162-87066",2016,0,0,0,0,0,0,1,0,0,0,0,0,0,1,0,0.9822,635
"165","162-87067",2016,0,0,0,0,0,0,1,0,0,0,0,0,0,0,0,0.5662,645
"166","162-87068",2016,0,0,0,0,0,0,1,0,0,0,0,0,0,0,0,1.7189,610
"167","162-87069",2016,0,0,0,0,0,0,1,0,0,0,0,0,0,0,0,0,670
"168","162-87070",2016,0,0,0,0,0,0,1,0,0,0,0,0,0,0,0,0.0032,810
"169","162-87071",2016,0,0,0,0,0,0,1,0,0,0,0,1,0,0,0,0.0146,660
"170","162-87072",2016,0,0,0,0,0,0,1,0,0,0,0,0,0,0,0,0,670
"171","162-87073",2016,0,0,0,0,0,0,1,0,0,0,0,0,0,0,0,0,625
"172","162-87074",2016,0,0,0,0,0,0,1,0,0,0,0,0,0,0,0,0,485
"173","162-87075",2016,0,0,0,0,0,0,1,0,0,0,0,1,0,0,0,0,770
"174","162-87076",2016,0,0,0,0,0,0,1,0,0,0,0,0,0,0,0,0,665
"175","162-87077",2016,0,0,0,0,0,0,1,0,0,0,0,0,0,0,0,0,720
"176","162-87078",2016,0,0,0,0,0,0,1,0,0,0,0,0,0,0,0,0,650
"177","162-87083",2016,0,0,0,0,0,0,1,0,0,0,0,1,1,0,0,0,NA
"178","162-87084",2016,0,0,0,0,0,0,1,0,0,0,0,0,0,0,0,0,NA
"179","162-87085",2016,0,0,0,0,0,0,1,0,0,0,0,0,0,0,0,0,NA
"180","162-87086",2016,0,0,0,0,0,0,1,0,0,0,0,0,0,0,0,0,NA
"181","162-87087",2016,0,0,0,0,0,0,1,0,0,0,0,0,0,0,0,0,NA
"182","162-87089",2016,0,0,0,0,0,0,1,0,0,0,0,0,0,0,0,0,NA
"183","162-87090",2016,0,0,0,0,0,0,1,0,0,0,0,0,0,0,0,0.029,NA
"184","162-87093",2016,0,0,0,0,0,0,1,0,0,0,0,0,0,1,0,22.255,700
"185","162-87094",2016,0,0,0,0,0,0,1,0,0,0,0,0,0,0,0,18.292,560
"186","162-87096",2016,0,0,0,0,0,0,1,0,0,0,0,0,0,1,0,19.1714,625
"187","162-87097",2016,0,0,0,0,0,0,1,0,0,0,0,0,0,0,0,5.6572,575
"188","162-87098",2016,0,0,0,0,0,0,1,0,0,0,0,1,0,0,0,3.4955,610
"189","162-87102",2017,0,0,0,0,0,0,0,1,0,0,0,0,0,0,0,0.3202,545
"190","162-87104",2017,0,0,0,0,0,0,0,1,0,0,0,0,0,0,0,0.2366,620
"191","162-87139",2017,0,0,0,0,0,0,0,1,0,0,0,0,0,0,0,0.0251,525
"192","162-87140",2017,0,0,0,0,0,0,0,1,0,0,0,0,0,1,0,0,650
"193","162-87141",2017,0,0,0,0,0,0,0,1,0,0,0,0,0,0,0,0,390
"194","162-87142",2017,0,0,0,0,0,0,0,1,0,0,0,0,0,0,0,0,495
"195","162-87193",2018,0,0,0,0,0,0,0,0,1,0,0,0,0,0,0,3.8147,615
"196","162-87194",2018,0,0,0,0,0,0,0,0,1,0,0,0,0,1,1,0.056,518
"197","162-87195",2018,0,0,0,0,0,0,0,0,1,0,0,0,0,0,0,0.0141,685
"198","162-87196",2018,0,0,0,0,0,0,0,0,1,0,0,0,0,0,0,0.0784,465
"199","162-87197",2018,0,0,0,0,0,0,0,0,1,0,0,0,0,0,0,0.0067,687
"200","162-87198",2018,0,0,0,0,0,0,0,0,1,0,0,0,0,0,0,0.0147,630
"201","162-87199",2018,0,0,0,0,0,0,0,0,1,0,0,0,0,1,0,0,502
"202","162-87200",2018,0,0,0,0,0,0,0,0,1,0,0,0,0,1,0,0,589
"203","162-87214",2018,0,0,0,0,0,0,0,0,1,0,0,0,0,0,0,0.0055,680
"204","162-87215",2018,0,0,0,0,0,0,0,0,1,0,0,0,0,1,0,0.0124,640
"205","162-87216",2018,0,0,0,0,0,0,0,0,1,0,0,0,0,0,0,0,492
"206","162-87217",2018,0,0,0,0,0,0,0,0,1,0,0,0,0,0,0,0,695
"207","162-87218",2018,0,0,0,0,0,0,0,0,1,0,0,0,0,0,0,0.0034,455
"208","162-87219",2018,0,0,0,0,0,0,0,0,1,0,0,0,0,1,0,0,570
"209","162-87220",2018,0,0,0,0,0,0,0,0,1,0,0,0,0,1,0,0.1407,700
"210","162-87222",2018,0,0,0,0,0,0,0,0,1,0,0,0,0,0,0,0.2207,700
"211","162-87223",2018,0,0,0,0,0,0,0,0,1,0,0,0,0,0,0,0,617
"212","162-87224",2018,0,0,0,0,0,0,0,0,1,0,0,0,0,0,0,0,530
"213","162-87225",2018,0,0,0,0,0,0,0,0,1,0,0,0,0,0,0,0.0208,568
"214","162-87226",2018,0,0,0,0,0,0,0,0,1,0,0,0,0,0,0,0,650
"215","162-87235",2018,0,0,0,0,0,0,0,0,1,0,0,0,0,0,0,0,640
"216","162-87236",2018,0,0,0,0,0,0,0,0,1,0,0,0,0,0,0,0,610
"217","162-87237",2018,0,0,0,0,0,0,0,0,1,0,0,0,0,0,0,0,579
"218","162-87238",2018,0,0,0,0,0,0,0,0,1,0,0,0,0,0,0,0.0308,545
"219","162-87239",2018,0,0,0,0,0,0,0,0,1,0,0,0,0,0,0,0,742
"220","162-87240",2018,0,0,0,0,0,0,0,0,1,0,0,0,0,1,0,0.2346,560
"221","162-87241",2018,0,0,0,0,0,0,0,0,1,0,0,0,0,1,0,0.0056,640
"222","162-87242",2018,0,0,0,0,0,0,0,0,1,0,0,0,0,0,0,2.5779,660
"223","162-87243",2018,0,0,0,0,0,0,0,0,1,0,0,0,0,0,0,0.9093,717
"224","162-87244",2018,0,0,0,0,0,0,0,0,1,0,0,0,0,0,0,0,438
"225","162-87245",2018,0,0,0,0,0,0,0,0,1,0,0,0,0,0,0,0.0246,560
"226","162-87246",2018,0,0,0,0,0,0,0,0,1,0,0,0,0,0,0,1.3388,700
"227","162-87247",2018,0,0,0,0,0,0,0,0,1,0,0,0,0,1,0,0,670
"228","162-87248",2018,0,0,0,0,0,0,0,0,1,0,0,0,0,0,0,0.4165,685
"229","162-87249",2018,0,0,0,0,0,0,0,0,1,0,0,0,0,1,0,0.1406,520
"230","162-87250",2018,0,0,0,0,0,0,0,0,1,0,0,0,0,0,0,0,602
"231","162-87251",2018,0,0,0,0,0,0,0,0,1,0,0,0,0,0,0,0,620
"232","162-87252",2018,0,0,0,0,0,0,0,0,1,0,0,0,0,0,0,0,680
"233","162-87253",2018,0,0,0,0,0,0,0,0,1,0,0,0,0,0,0,0,627
"234","162-87254",2018,0,0,0,0,0,0,0,0,1,0,0,0,0,0,0,0,605
"235","162-87255",2018,0,0,0,0,0,0,0,0,1,0,0,0,0,0,0,0.0042,490
"236","162-87256",2018,0,0,0,0,0,0,0,0,1,0,0,0,0,0,0,0.0024,612
"237","162-87257",2018,0,0,0,0,0,0,0,0,1,0,0,0,0,0,0,0,650
"238","162-87258",2018,0,0,0,0,0,0,0,0,1,0,0,0,0,0,0,2.6728,679
"239","162-87259",2018,0,0,0,0,0,0,0,0,1,0,0,0,0,0,0,1.3128,612
"240","162-87260",2018,0,0,0,0,0,0,0,0,1,0,0,0,0,0,0,0,590
"241","162-87261",2018,0,0,0,0,0,0,0,0,1,0,0,0,0,0,0,0.0062,600
"242","162-87262",2018,0,0,0,0,0,0,0,0,1,0,0,0,0,0,0,0.0056,610
"243","162-87263",2018,0,0,0,0,0,0,0,0,1,0,0,0,0,0,0,0.0199,672
"244","162-87264",2018,0,0,0,0,0,0,0,0,1,0,0,0,0,0,0,1.085,840
"245","162-87265",2018,0,0,0,0,0,0,0,0,1,0,0,0,0,0,0,0,622
"246","162-87266",2018,0,0,0,0,0,0,0,0,1,0,0,0,0,0,0,0.0719,600
"247","162-87267",2018,0,0,0,0,0,0,0,0,1,0,0,0,0,0,0,0,887
"248","162-87268",2018,0,0,0,0,0,0,0,0,1,0,0,0,0,0,0,0,459
"249","162-87269",2018,0,0,0,0,0,0,0,0,1,0,0,0,0,0,0,0,542
"250","162-87270",2018,0,0,0,0,0,0,0,0,1,0,0,0,0,0,0,0.025,618
"251","162-87271",2018,0,0,0,0,0,0,0,0,1,0,0,0,0,0,0,0,625
"252","162-87272",2018,0,0,0,0,0,0,0,0,1,0,0,0,0,0,0,0.0385,522
"253","162-87273",2018,0,0,0,0,0,0,0,0,1,0,0,0,0,0,0,1.2565,638
"254","162-87274",2018,0,0,0,0,0,0,0,0,1,0,0,0,0,0,0,1.1659,530
"255","162-87275",2018,0,0,0,0,0,0,0,0,1,0,0,0,0,1,0,0,462
"256","162-87276",2018,0,0,0,0,0,0,0,0,1,0,0,0,0,0,0,0,522
"257","162-87277",2018,0,0,0,0,0,0,0,0,1,0,0,0,0,0,0,0.004,520
"258","162-87278",2018,0,0,0,0,0,0,0,0,1,0,0,0,0,0,0,0,575
"259","162-87279",2018,0,0,0,0,0,0,0,0,1,0,0,0,0,0,0,0.0827,720
"260","162-87280",2018,0,0,0,0,0,0,0,0,1,0,0,0,0,0,0,0,675
"261","162-87281",2018,0,0,0,0,0,0,0,0,1,0,0,0,0,0,1,0,760
"262","162-87283",2018,0,0,0,0,0,0,0,0,1,0,0,0,0,0,0,0,505
"263","162-87284",2018,0,0,0,0,0,0,0,0,1,0,0,0,0,0,0,0,437
"264","162-87285",2018,0,0,0,0,0,0,0,0,1,0,0,0,0,0,0,0,604
"265","162-87286",2018,0,0,0,0,0,0,0,0,1,0,0,0,0,0,0,0,710
"266","162-87287",2018,0,0,0,0,0,0,0,0,1,0,0,0,0,0,0,0,600
"267","162-87288",2018,0,0,0,0,0,0,0,0,1,0,0,0,0,0,0,0.1617,615
"268","162-87289",2018,0,0,0,0,0,0,0,0,1,0,0,0,0,0,0,1.0494,550
"269","162-87290",2018,0,0,0,0,0,0,0,0,1,0,0,0,0,1,0,0,475
"270","162-87291",2018,0,0,0,0,0,0,0,0,1,0,0,0,0,0,0,0,600
"271","162-87292",2018,0,0,0,0,0,0,0,0,1,0,0,0,0,0,0,0,440
"272","162-87293",2018,0,0,0,0,0,0,0,0,1,0,0,0,0,0,0,0,570
"273","162-87294",2018,0,0,0,0,0,0,0,0,1,0,0,0,0,0,0,0,460
"274","162-87295",2018,0,0,0,0,0,0,0,0,1,0,0,0,0,0,0,0.0327,570
"275","162-87296",2018,0,0,0,0,0,0,0,0,1,0,0,0,0,0,0,0,515
"276","162-87297",2018,0,0,0,0,0,0,0,0,1,0,0,0,0,0,0,0,680
"277","162-87298",2018,0,0,0,0,0,0,0,0,1,0,0,0,1,0,0,0,480
"278","162-87299",2018,0,0,0,0,0,0,0,0,1,0,0,0,0,0,0,0.8203,700
"279","162-87300",2018,0,0,0,0,0,0,0,0,1,0,0,0,0,1,0,0,529
"280","162-87301",2018,0,0,0,0,0,0,0,0,1,0,0,0,0,0,0,0,600
"281","162-87302",2018,0,0,0,0,0,0,0,0,1,0,0,0,0,0,0,0,642
"282","162-87303",2018,0,0,0,0,0,0,0,0,1,0,0,0,0,1,0,0.0572,539
"283","162-87304",2018,0,0,0,0,0,0,0,0,1,0,0,0,0,0,0,0.118,700
"284","162-87305",2018,0,0,0,0,0,0,0,0,1,0,0,0,0,1,0,0.072,560
"285","162-87306",2018,0,0,0,0,0,0,0,0,1,0,0,0,0,0,0,0,570
"286","162-87307",2018,0,0,0,0,0,0,0,0,1,0,0,0,0,0,1,0,462
"287","162-87332",2019,0,0,0,0,0,0,0,0,0,1,0,0,0,0,0,0,400
"288","162-87333",2019,0,0,0,0,0,0,0,0,0,1,0,0,0,0,0,0.0255,400
"289","162-87334",2019,0,0,0,0,0,0,0,0,0,1,0,0,0,0,0,0.1999,575
"290","162-87335",2019,0,0,0,0,0,0,0,0,0,1,0,0,0,0,0,0,450
"291","162-87336",2019,0,0,0,0,0,0,0,0,0,1,0,0,0,0,0,0,635
"292","162-87337",2019,0,0,0,0,0,0,0,0,0,1,0,0,0,0,0,0.069,620
"293","162-87338",2019,0,0,0,0,0,0,0,0,0,1,0,0,0,0,0,0,600
"294","162-87339",2019,0,0,0,0,0,0,0,0,0,1,0,0,0,0,0,0,425
"295","162-87340",2019,0,0,0,0,0,0,0,0,0,1,0,0,0,0,0,0.169,635
"296","162-87341",2019,0,0,0,0,0,0,0,0,0,1,0,0,0,0,0,0.0671,500
"297","162-87342",2019,0,0,0,0,0,0,0,0,0,1,0,0,0,0,0,0.0222,575
"298","162-87343",2019,0,0,0,0,0,0,0,0,0,1,0,0,0,0,0,0.0119,625
"299","162-87344",2019,0,0,0,0,0,0,0,0,0,1,0,0,0,0,1,0.1237,705
"300","162-87345",2019,0,0,0,0,0,0,0,0,0,1,0,0,0,0,0,0,450
"301","162-87346",2019,0,0,0,0,0,0,0,0,0,1,0,0,0,0,0,0,595
"302","162-87347",2019,0,0,0,0,0,0,0,0,0,1,0,0,0,0,0,0,485
"303","162-87348",2019,0,0,0,0,0,0,0,0,0,1,0,0,0,0,0,0.0213,635
"304","162-87349",2019,0,0,0,0,0,0,0,0,0,1,0,0,0,0,0,1.9616,830
"305","162-87350",2019,0,0,0,0,0,0,0,0,0,1,0,0,0,0,0,0.0494,605
"306","162-87351",2019,0,0,0,0,0,0,0,0,0,1,0,0,0,0,0,0,570
"307","162-87352",2019,0,0,0,0,0,0,0,0,0,1,0,0,0,0,0,0,510
"308","162-87353",2019,0,0,0,0,0,0,0,0,0,1,0,0,0,0,0,0,570
"309","162-87354",2019,0,0,0,0,0,0,0,0,0,1,0,0,0,0,0,0.1127,485
"310","162-87355",2019,0,0,0,0,0,0,0,0,0,1,0,0,0,0,0,0,675
"311","162-87356",2019,0,0,0,0,0,0,0,0,0,1,0,0,0,0,0,0.006,685
"312","162-87357",2019,0,0,0,0,0,0,0,0,0,1,0,0,0,0,0,0.2161,580
"313","162-87358",2019,0,0,0,0,0,0,0,0,0,1,0,0,0,0,0,0,640
"314","162-87359",2019,0,0,0,0,0,0,0,0,0,1,0,0,0,0,0,0.4959,540
"315","162-87360",2019,0,0,0,0,0,0,0,0,0,1,0,0,0,0,0,0.0841,760
"316","162-87361",2019,0,0,0,0,0,0,0,0,0,1,0,0,0,0,0,0.0414,575
"317","162-87362",2019,0,0,0,0,0,0,0,0,0,1,0,0,0,0,0,0,545
"318","162-87365",2019,0,0,0,0,0,0,0,0,0,1,0,0,0,0,0,0,540
"319","162-87366",2019,0,0,0,0,0,0,0,0,0,1,0,0,0,0,0,0.3892,575
"320","162-87367",2019,0,0,0,0,0,0,0,0,0,1,0,0,0,0,0,0.0434,555
"321","162-87369",2019,0,0,0,0,0,0,0,0,0,1,0,0,0,0,0,0,630
"322","162-87372",2019,0,0,0,0,0,0,0,0,0,1,0,0,0,1,1,0.4108,550
"323","162-87374",2019,0,0,0,0,0,0,0,0,0,1,0,0,0,0,0,0.0111,570
"324","162-87375",2019,0,0,0,0,0,0,0,0,0,1,0,0,0,0,0,0.0152,630
"325","162-87376",2019,0,0,0,0,0,0,0,0,0,1,0,0,0,0,0,0,NA
"326","162-87377",2019,0,0,0,0,0,0,0,0,0,1,0,0,0,0,0,0,NA
"327","162-87378",2019,0,0,0,0,0,0,0,0,0,1,0,0,0,0,0,0.0731,NA
"328","162-87379",2019,0,0,0,0,0,0,0,0,0,1,0,0,0,0,0,0.0512,NA
"329","162-87380",2019,0,0,0,0,0,0,0,0,0,1,0,0,0,0,0,0.0236,NA
"330","162-87381",2019,0,0,0,0,0,0,0,0,0,1,0,0,0,0,0,0,NA
"331","162-87382",2019,0,0,0,0,0,0,0,0,0,1,0,0,0,0,0,0.0442,NA
"332","162-87383",2019,0,0,0,0,0,0,0,0,0,1,0,0,0,0,0,0,NA
"333","162-87384",2019,0,0,0,0,0,0,0,0,0,1,0,0,0,0,0,0.0511,680
"334","162-87385",2019,0,0,0,0,0,0,0,0,0,1,0,0,0,0,0,0.0537,780
"335","162-87386",2019,0,0,0,0,0,0,0,0,0,1,0,0,0,0,0,0,675
"336","162-87387",2019,0,0,0,0,0,0,0,0,0,1,0,0,0,0,1,0,555
"337","162-87388",2019,0,0,0,0,0,0,0,0,0,1,0,0,0,0,0,0,460
"338","162-87389",2019,0,0,0,0,0,0,0,0,0,1,0,0,0,0,0,0,660
"339","162-87390",2019,0,0,0,0,0,0,0,0,0,1,0,0,0,0,1,0,525
"340","162-87391",2019,0,0,0,0,0,0,0,0,0,1,0,0,0,0,0,0,555
"341","162-87392",2019,0,0,0,0,0,0,0,0,0,1,0,0,0,0,1,0,540
"342","162-87394",2019,0,0,0,0,0,0,0,0,0,1,0,0,0,0,0,0,640
"343","162-87395",2019,0,0,0,0,0,0,0,0,0,1,0,0,0,0,0,0,550
"344","162-87396",2019,0,0,0,0,0,0,0,0,0,1,0,0,0,0,0,0,660
"345","162-87397",2019,0,0,0,0,0,0,0,0,0,1,0,0,0,0,0,0,570
"346","162-87399",2019,0,0,0,0,0,0,0,0,0,1,0,0,0,0,0,0,650
"347","162-87400",2019,0,0,0,0,0,0,0,0,0,1,0,0,0,0,0,0,540
"348","162-87401",2019,0,0,0,0,0,0,0,0,0,1,0,0,0,0,0,0,695
"349","162-87402",2019,0,0,0,0,0,0,0,0,0,1,0,0,0,0,0,0.0778,735
"350","162-87403",2019,0,0,0,0,0,0,0,0,0,1,0,0,0,0,0,0,745
"351","162-87406",2019,0,0,0,0,0,0,0,0,0,1,0,0,0,0,0,8.2614,635
"352","162-87407",2019,0,0,0,0,0,0,0,0,0,1,0,0,0,0,0,0.0077,435
"353","162-87408",2019,0,0,0,0,0,0,0,0,0,1,0,0,0,0,0,0,435
"354","162-87410",2019,0,0,0,0,0,0,0,0,0,1,0,0,0,0,0,0,585
"355","162-87411",2019,0,0,0,0,0,0,0,0,0,1,0,0,0,0,0,0.099,495
"356","162-87412",2019,0,0,0,0,0,0,0,0,0,1,0,0,0,0,0,0.0195,590
"357","162-87415",2019,0,0,0,0,0,0,0,0,0,1,0,0,0,0,0,0,575
"358","162-87416",2019,0,0,0,0,0,0,0,0,0,1,0,0,0,0,1,0,500
"359","162-87417",2019,0,0,0,0,0,0,0,0,0,1,0,0,0,0,0,0,595
"360","162-87419",2019,0,0,0,0,0,0,0,0,0,1,0,0,0,0,0,0,465
"361","162-87420",2019,0,0,0,0,0,0,0,0,0,1,0,0,0,0,0,0,635
"362","162-87422",2019,0,0,0,0,0,0,0,0,0,1,0,0,0,0,0,0.0287,700
"363","162-87423",2019,0,0,0,0,0,0,0,0,0,1,0,0,0,0,0,0.0246,525
"364","162-87427",2019,0,0,0,0,0,0,0,0,0,1,0,0,0,0,0,0,685
"365","162-87429",2019,0,0,0,0,0,0,0,0,0,1,0,0,0,0,0,0,NA
"366","162-87432",2019,0,0,0,0,0,0,0,0,0,1,0,0,0,0,0,0,485
"367","162-87443",2019,0,0,0,0,0,0,0,0,0,1,0,0,0,0,0,0,585
"368","162-87444",2019,0,0,0,0,0,0,0,0,0,1,0,0,0,0,0,0.0535,610
"369","162-87445",2019,0,0,0,0,0,0,0,0,0,1,0,0,0,0,0,0,485
"370","162-87446",2019,0,0,0,0,0,0,0,0,0,1,0,0,0,0,0,0,635
"371","162-87447",2019,0,0,0,0,0,0,0,0,0,1,0,0,0,0,0,0,605
"372","162-87448",2019,0,0,0,0,0,0,0,0,0,1,0,0,0,0,0,0,660
"373","162-87449",2019,0,0,0,0,0,0,0,0,0,1,0,0,0,0,0,0,605
"374","162-87451",2019,0,0,0,0,0,0,0,0,0,1,0,0,0,0,1,0,565
"375","162-87452",2019,0,0,0,0,0,0,0,0,0,1,0,0,0,0,1,0.0093,535
"376","162-87453",2019,0,0,0,0,0,0,0,0,0,1,0,0,0,0,0,0,630
"377","162-87454",2019,0,0,0,0,0,0,0,0,0,1,0,0,0,0,0,0,535
"378","162-87461",2019,0,0,0,0,0,0,0,0,0,1,0,0,0,0,0,0,535
"379","162-87462",2019,0,0,0,0,0,0,0,0,0,1,0,0,0,0,0,0,585
"380","162-87471",2019,0,0,0,0,0,0,0,0,0,1,0,0,0,0,0,0,580
"381","162-87472",2019,0,0,0,0,0,0,0,0,0,1,0,0,0,0,0,0.0326,430
"382","162-87473",2019,0,0,0,0,0,0,0,0,0,1,0,0,0,0,0,0.0064,620
"383","162-87474",2019,0,0,0,0,0,0,0,0,0,1,0,0,0,0,0,0,425
"384","162-87475",2019,0,0,0,0,0,0,0,0,0,1,0,0,0,0,0,0,600
"385","162-87476",2019,0,0,0,0,0,0,0,0,0,1,0,0,0,0,1,0.21,810
"386","162-87477",2019,0,0,0,0,0,0,0,0,0,1,0,0,0,0,0,0,625
"387","162-87478",2019,0,0,0,0,0,0,0,0,0,1,0,0,0,0,0,0,745
"388","162-87479",2019,0,0,0,0,0,0,0,0,0,1,0,0,0,0,0,0,455
"389","162-87480",2019,0,0,0,0,0,0,0,0,0,1,0,0,0,0,0,0,490
"390","162-87488",2021,0,0,0,0,0,0,0,0,0,0,0,1,0,0,0,0,470
"391","162-87489",2021,0,0,0,0,0,0,0,0,0,0,0,1,0,0,0,0,700
"392","162-87490",2021,0,0,0,0,0,0,0,0,0,0,0,1,0,0,0,0,490
"393","162-87491",2021,0,0,0,0,0,0,0,0,0,0,0,1,0,0,0,0.047,825
"394","162-87492",2021,0,0,0,0,0,0,0,0,0,0,0,1,0,0,0,0.0229,555
"395","162-87493",2021,0,0,0,0,0,0,0,0,0,0,0,1,0,0,0,0,570
"396","162-87494",2021,0,0,0,0,0,0,0,0,0,0,0,1,0,0,0,0,510
"397","162-87495",2021,0,0,0,0,0,0,0,0,0,0,0,1,0,0,0,0,535
"398","162-87496",2021,0,0,0,0,0,0,0,0,0,0,0,1,0,0,0,0.0419,605
"399","162-87497",2021,0,0,0,0,0,0,0,0,0,0,0,1,0,0,0,0,680
"400","162-87498",2021,0,0,0,0,0,0,0,0,0,0,0,1,0,0,0,0,555
"401","162-87499",2021,0,0,0,0,0,0,0,0,0,0,0,1,0,0,0,0.1932,700
"402","162-89651",2022,0,0,0,0,0,0,0,0,0,0,0,0,1,0,0,4.8288,490
"403","162-89652",2022,0,0,0,0,0,0,0,0,0,0,0,0,1,0,0,0.5777,NA
"404","162-89653",2022,0,0,0,0,0,0,0,0,0,0,0,0,1,0,0,3.8478,665
"405","162-89654",2022,0,0,0,0,0,0,0,0,0,0,0,0,1,0,0,0.0272,675
"406","162-89655",2022,0,0,0,0,0,0,0,0,0,0,0,0,1,0,0,0,660
"407","162-89656",2022,0,0,0,0,0,0,0,0,0,0,0,0,1,0,0,0,490
"408","162-89657",2022,0,0,0,0,0,0,0,0,0,0,0,0,1,0,0,0.2614,675
"409","162-89661",2022,0,0,0,0,0,0,0,0,0,0,0,0,1,0,0,0.0145,400
"410","162-89662",2022,0,0,0,0,0,0,0,0,0,0,0,0,1,0,0,0,490
"411","162-89663",2022,0,0,0,0,0,0,0,0,0,0,0,0,1,0,0,0.0061,445
"412","162-89670",2022,0,0,0,0,0,0,0,0,0,0,0,0,1,0,0,0,585
"413","162-89671",2022,0,0,0,0,0,0,0,0,0,0,0,0,1,0,0,0,550
"414","162-89672",2022,0,0,0,0,0,0,0,0,0,0,0,0,1,0,0,0.1493,610
"415","162-89674",2022,0,0,0,0,0,0,0,0,0,0,0,0,1,0,0,1.3786,720
"416","162-89675",2022,0,0,0,0,0,0,0,0,0,0,0,0,1,0,0,0.0271,640
"417","162-89677",2022,0,0,0,0,0,0,0,0,0,0,0,0,1,0,0,0.2099,NA
"418","162-89678",2022,0,0,0,0,0,0,0,0,0,0,0,0,1,0,0,4.8592,NA
"419","162-89679",2022,0,0,0,0,0,0,0,0,0,0,0,0,1,0,0,3.8585,NA
"420","162-89690",2023,0,0,0,0,0,0,0,0,0,0,0,0,0,1,0,0,720
"421","162-89693",2023,0,0,0,0,0,0,0,0,0,0,0,0,0,1,0,0,490
"422","162-89694",2023,0,0,0,0,0,0,0,0,0,0,0,0,0,1,0,0,630
"423","162-89696",2023,0,0,0,0,0,0,0,0,0,0,0,0,0,1,0,0,710
"424","162-89698",2023,0,0,0,0,0,0,0,0,0,0,0,0,0,1,0,0,505
"425","162-89699",2023,0,0,0,0,0,0,0,0,0,0,0,0,0,1,0,0.0021,560
"426","162-89700",2023,0,0,0,0,0,0,0,0,0,0,0,0,0,1,0,6.8075,705
"427","162-89701",2023,0,0,0,0,0,0,0,0,0,0,0,0,0,1,0,4.2475,620
"428","162-89702",2023,0,0,0,0,0,0,0,0,0,0,0,0,0,1,0,16.7585,590
"429","162-89703",2023,0,0,0,0,0,0,0,0,0,0,0,0,0,1,0,15.792,640
"430","162-89704",2023,0,0,0,0,0,0,0,0,0,0,0,0,0,1,0,0.0209,680
"431","162-89860",2021,0,0,0,0,0,0,0,0,0,0,0,1,0,0,0,0,590
"432","162-89861",2021,0,0,0,0,0,0,0,0,0,0,0,1,0,0,0,0,405
"433","162-89862",2021,0,0,0,0,0,0,0,0,0,0,0,1,0,0,0,0,445
"434","162-89863",2021,0,0,0,0,0,0,0,0,0,0,0,1,0,0,0,0.0297,630
"435","162-89864",2021,0,0,0,0,0,0,0,0,0,0,0,1,0,0,0,0,630
"436","162-89865",2021,0,0,0,0,0,0,0,0,0,0,0,1,0,0,0,0,575
"437","162-89866",2021,0,0,0,0,0,0,0,0,0,0,0,1,0,0,0,0,620
"438","162-89867",2021,0,0,0,0,0,0,0,0,0,0,0,1,0,0,0,0,525
"439","162-89868",2021,0,0,0,0,0,0,0,0,0,0,0,1,0,0,0,0.0217,730
"440","162-89869",2021,0,0,0,0,0,0,0,0,0,0,0,1,0,0,0,0.2274,515
"441","162-89870",2021,0,0,0,0,0,0,0,0,0,0,0,1,0,0,0,0.0932,670
"442","162-89871",2021,0,0,0,0,0,0,0,0,0,0,0,1,0,0,0,0.176,810
"443","162-89872",2021,0,0,0,0,0,0,0,0,0,0,0,1,0,0,0,0.0767,685
"444","162-89873",2021,0,0,0,0,0,0,0,0,0,0,0,1,0,0,0,0,555
"445","162-89884",2022,0,0,0,0,0,0,0,0,0,0,0,0,1,0,0,0,550
"446","162-89885",2022,0,0,0,0,0,0,0,0,0,0,0,0,1,0,0,0.0643,455
"447","162-89886",2022,0,0,0,0,0,0,0,0,0,0,0,0,1,0,0,0.043,545
"448","162-89888",2022,0,0,0,0,0,0,0,0,0,0,0,0,1,0,0,0,650
"449","162-89889",2022,0,0,0,0,0,0,0,0,0,0,0,0,1,0,0,0.0167,595
"450","162-89890",2022,0,0,0,0,0,0,0,0,0,0,0,0,1,0,0,0.9342,635
"451","162-89891",2022,0,0,0,0,0,0,0,0,0,0,0,0,1,0,0,0.0261,565
"452","162-89892",2022,0,0,0,0,0,0,0,0,0,0,0,0,1,0,0,0.0458,610
"453","162-89893",2022,0,0,0,0,0,0,0,0,0,0,0,0,1,0,0,0,500
"454","162-89894",2022,0,0,0,0,0,0,0,0,0,0,0,0,1,0,0,0,465
"455","162-89895",2022,0,0,0,0,0,0,0,0,0,0,0,0,1,0,0,0,420
"456","162-89896",2022,0,0,0,0,0,0,0,0,0,0,0,0,1,0,0,0,505
"457","162-89897",2022,0,0,0,0,0,0,0,0,0,0,0,0,1,0,0,0,610
"458","162-89898",2022,0,0,0,0,0,0,0,0,0,0,0,0,1,0,0,0,600
"459","162-89899",2022,0,0,0,0,0,0,0,0,0,0,0,0,1,0,0,0.1849,680
"460","162-89900",2022,0,0,0,0,0,0,0,0,0,0,0,0,1,0,0,0.00545,470
"461","162-91051",2023,0,0,0,0,0,0,0,0,0,0,0,0,0,1,0,0.0123,700
"462","162-91052",2023,0,0,0,0,0,0,0,0,0,0,0,0,0,1,0,0,455
"463","162-91053",2023,0,0,0,0,0,0,0,0,0,0,0,0,0,1,0,0,580
"464","162-91054",2023,0,0,0,0,0,0,0,0,0,0,0,0,0,1,0,6.9552,610
"465","162-91055",2023,0,0,0,0,0,0,0,0,0,0,0,0,0,1,0,0,595
"466","162-91056",2023,0,0,0,0,0,0,0,0,0,0,0,0,0,1,0,0.4088,720
"467","162-91057",2023,0,0,0,0,0,0,0,0,0,0,0,0,0,1,0,0.0324,690
"468","162-91058",2023,0,0,0,0,0,0,0,0,0,0,0,0,0,1,0,0,670
"469","162-91059",2023,0,0,0,0,0,0,0,0,0,0,0,0,0,1,0,5.4273,890
"470","162-91060",2023,0,0,0,0,0,0,0,0,0,0,0,0,0,1,0,0,530
"471","162-91061",2023,0,0,0,0,0,0,0,0,0,0,0,0,0,1,0,0,580
"472","162-91062",2023,0,0,0,0,0,0,0,0,0,0,0,0,0,1,0,2.0028,565
"473","162-91064",2023,0,0,0,0,0,0,0,0,0,0,0,0,0,1,0,0.0033,750
"474","162-91065",2023,0,0,0,0,0,0,0,0,0,0,0,0,0,1,0,0.002,520
"475","162-91066",2023,0,0,0,0,0,0,0,0,0,0,0,0,0,1,0,1.2863,465
"476","162-91067",2023,0,0,0,0,0,0,0,0,0,0,0,0,0,1,0,52.5305,740
"477","162-91068",2023,0,0,0,0,0,0,0,0,0,0,0,0,0,1,0,6.5893,505
"478","162-91070",2023,0,0,0,0,0,0,0,0,0,0,0,0,0,1,0,0.0047,710
"479","162-91071",2023,0,0,0,0,0,0,0,0,0,0,0,0,0,1,0,4.5355,535
"480","162-91072",2023,0,0,0,0,0,0,0,0,0,0,0,0,0,1,0,13.915,525
"481","162-91073",2023,0,0,0,0,0,0,0,0,0,0,0,0,0,1,0,0.3202,645
"482","162-91074",2023,0,0,0,0,0,0,0,0,0,0,0,0,0,1,0,0,630
"483","162-91075",2023,0,0,0,0,0,0,0,0,0,0,0,0,0,1,0,41.8854,685
"484","162-91076",2023,0,0,0,0,0,0,0,0,0,0,0,0,0,1,0,1.2036,765
"485","162-91077",2023,0,0,0,0,0,0,0,0,0,0,0,0,0,1,0,0,685
"486","162-91078",2023,0,0,0,0,0,0,0,0,0,0,0,0,0,1,0,0,575
"487","162-91079",2023,0,0,0,0,0,0,0,0,0,0,0,0,0,1,0,0,545
"488","162-91080",2023,0,0,0,0,0,0,0,0,0,0,0,0,0,1,0,0.1236,550
"489","162-91081",2023,0,0,0,0,0,0,0,0,0,0,0,0,0,1,0,5e-04,600
"490","162-91082",2023,0,0,0,0,0,0,0,0,0,0,0,0,0,1,0,0.001,730
"491","162-91084",2023,0,0,0,0,0,0,0,0,0,0,0,0,0,1,0,0,655
"492","162-91085",2023,0,0,0,0,0,0,0,0,0,0,0,0,0,1,0,0,655
"493","162-91087",2023,0,0,0,0,0,0,0,0,0,0,0,0,0,1,0,1.5269,620
"494","162-91089",2023,0,0,0,0,0,0,0,0,0,0,0,0,0,1,0,1.302,665
"495","162-91090",2023,0,0,0,0,0,0,0,0,0,0,0,0,0,1,0,0.5875,600
"496","162-91091",2023,0,0,0,0,0,0,0,0,0,0,0,0,0,1,0,0.6505,560
"497","162-91093",2023,0,0,0,0,0,0,0,0,0,0,0,0,0,1,0,0.4842,720
"498","162-91094",2023,0,0,0,0,0,0,0,0,0,0,0,0,0,1,0,0.8881,760
"499","162-91097",2023,0,0,0,0,0,0,0,0,0,0,0,0,0,1,0,4.6345,575
"500","162-91098",2023,0,0,0,0,0,0,0,0,0,0,0,0,0,1,0,11.1265,805
"501","162-91099",2023,0,0,0,0,0,0,0,0,0,0,0,0,0,1,0,3.1239,635
"502","162-91100",2023,0,0,0,0,0,0,0,0,0,0,0,0,0,1,0,0.0733,425
"503","162-91101",2023,0,0,0,0,0,0,0,0,0,0,0,0,0,1,0,0.0251,710
"504","162-91102",2023,0,0,0,0,0,0,0,0,0,0,0,0,0,1,0,0.7336,685
"505","162-91103",2023,0,0,0,0,0,0,0,0,0,0,0,0,0,1,0,0.283,640
"506","162-91104",2023,0,0,0,0,0,0,0,0,0,0,0,0,0,1,0,0.0068,565
"507","162-91105",2023,0,0,0,0,0,0,0,0,0,0,0,0,0,1,0,0,610
"508","162-91107",2023,0,0,0,0,0,0,0,0,0,0,0,0,0,1,0,0,690
"509","162-91110",2023,0,0,0,0,0,0,0,0,0,0,0,0,0,1,0,0,630
"510","162-91111",2023,0,0,0,0,0,0,0,0,0,0,0,0,0,1,0,0.1544,620
"511","162-91112",2023,0,0,0,0,0,0,0,0,0,0,0,0,0,1,0,7.7707,685
"512","162-91113",2023,0,0,0,0,0,0,0,0,0,0,0,0,0,1,0,14.1608,645
"513","162-91114",2023,0,0,0,0,0,0,0,0,0,0,0,0,0,1,0,0.1831,755
"514","162-91115",2023,0,0,0,0,0,0,0,0,0,0,0,0,0,1,0,0,605
"515","162-91116",2023,0,0,0,0,0,0,0,0,0,0,0,0,0,1,0,0.0217,460
"516","162-91117",2023,0,0,0,0,0,0,0,0,0,0,0,0,0,1,0,0.2534,565
"517","162-91118",2023,0,0,0,0,0,0,0,0,0,0,0,0,0,1,0,0.0231,595
"518","162-91119",2023,0,0,0,0,0,0,0,0,0,0,0,0,0,1,0,0,765
"519","162-91120",2023,0,0,0,0,0,0,0,0,0,0,0,0,0,1,0,0,630
"520","162-91121",2023,0,0,0,0,0,0,0,0,0,0,0,0,0,1,0,0,520
"521","162-91122",2023,0,0,0,0,0,0,0,0,0,0,0,0,0,1,0,2.013,635
"522","162-91123",2023,0,0,0,0,0,0,0,0,0,0,0,0,0,1,0,0,590
"523","162-91124",2023,0,0,0,0,0,0,0,0,0,0,0,0,0,1,0,0,640
"524","162-91125",2023,0,0,0,0,0,0,0,0,0,0,0,0,0,1,0,0.3802,675
"525","162-91126",2023,0,0,0,0,0,0,0,0,0,0,0,0,0,1,0,0,570
"526","162-91127",2023,0,0,0,0,0,0,0,0,0,0,0,0,0,1,0,0.021,620
"527","162-91129",2023,0,0,0,0,0,0,0,0,0,0,0,0,0,1,0,0,700
"528","162-91130",2023,0,0,0,0,0,0,0,0,0,0,0,0,0,1,0,0,620
"529","162-91131",2023,0,0,0,0,0,0,0,0,0,0,0,0,0,1,0,0.1621,540
"530","162-91132",2023,0,0,0,0,0,0,0,0,0,0,0,0,0,1,0,0.103,535
"531","162-91133",2023,0,0,0,0,0,0,0,0,0,0,0,0,0,1,0,0.0403,580
"532","162-91134",2023,0,0,0,0,0,0,0,0,0,0,0,0,0,1,0,0.0541,640
"533","162-91135",2023,0,0,0,0,0,0,0,0,0,0,0,0,0,1,0,9.5013,570
"534","162-91136",2023,0,0,0,0,0,0,0,0,0,0,0,0,0,1,0,0,545
"535","162-91137",2023,0,0,0,0,0,0,0,0,0,0,0,0,0,1,0,0.034,750
"536","162-91138",2023,0,0,0,0,0,0,0,0,0,0,0,0,0,1,0,4.9075,705
"537","162-91139",2023,0,0,0,0,0,0,0,0,0,0,0,0,0,1,0,0.074,725
"538","162-91140",2023,0,0,0,0,0,0,0,0,0,0,0,0,0,1,0,1.3652,655
"539","162-91141",2023,0,0,0,0,0,0,0,0,0,0,0,0,0,1,0,0,615
"540","162-91142",2023,0,0,0,0,0,0,0,0,0,0,0,0,0,1,0,1.3914,590
"541","162-91143",2023,0,0,0,0,0,0,0,0,0,0,0,0,0,1,0,0.0245,645
"542","162-91144",2023,0,0,0,0,0,0,0,0,0,0,0,0,0,1,0,0,435
"543","162-91145",2023,0,0,0,0,0,0,0,0,0,0,0,0,0,1,0,0,610
"544","162-91146",2023,0,0,0,0,0,0,0,0,0,0,0,0,0,1,0,0.0082,640
"545","162-91147",2023,0,0,0,0,0,0,0,0,0,0,0,0,0,1,0,0,655
"546","162-91148",2023,0,0,0,0,0,0,0,0,0,0,0,0,0,1,0,0.018,650
"547","162-91149",2023,0,0,0,0,0,0,0,0,0,0,0,0,0,1,0,1.6873,850
"548","162-91150",2023,0,0,0,0,0,0,0,0,0,0,0,0,0,1,0,2.5132,705
